Timestamp,Time,LN2 - level (%)
1720821772.887028,17:02:52,78.229
1720821782.953932,17:03:02,78.235
1720821793.020768,17:03:13,78.210
1720821803.087384,17:03:23,78.218
1720821813.154166,17:03:33,78.210
1720821823.246889,17:03:43,78.211
1720821833.313907,17:03:53,78.213
1720821843.384681,17:04:03,78.175
1720821853.451346,17:04:13,78.193
1720821863.517865,17:04:23,78.196
1720821873.584615,17:04:33,78.186
1720821883.651474,17:04:43,78.189
1720821893.718418,17:04:53,78.192
1720821903.785424,17:05:03,78.195
1720825266.033456,18:01:06,74.032
1720825295.546637,18:01:35,73.925
1720825305.635958,18:01:45,73.890
1720825315.716432,18:01:55,73.860
1720825325.783125,18:02:05,73.826
1720825335.850872,18:02:15,73.781
1720825345.917809,18:02:25,73.731
1720825355.984569,18:02:35,73.709
1720825366.051731,18:02:46,73.686
1720825376.118648,18:02:56,73.636
1720825386.185756,18:03:06,73.601
1720825396.252585,18:03:16,73.562
1720825406.31932,18:03:26,73.528
1720825416.386499,18:03:36,73.499
1720825426.453262,18:03:46,73.446
1720825436.520123,18:03:56,73.426
1720825446.587024,18:04:06,73.377
1720825456.681547,18:04:16,73.337
1720825466.760578,18:04:26,73.317
1720825476.827042,18:04:36,73.288
1720825486.893868,18:04:46,73.242
1720825496.960753,18:04:56,73.198
1720825507.027766,18:05:07,73.174
1720825517.0946,18:05:17,73.142
1720825527.161208,18:05:27,73.103
1720825537.227978,18:05:37,73.080
1720825547.295078,18:05:47,73.033
1720825557.361968,18:05:57,72.987
1720825567.429259,18:06:07,72.960
1720825577.496071,18:06:17,72.909
1720825587.562998,18:06:27,72.883
1720825597.630073,18:06:37,72.831
1720825607.717597,18:06:47,72.807
1720825617.783993,18:06:57,72.779
1720825627.850142,18:07:07,72.749
1720825637.916638,18:07:17,72.715
1720825647.983435,18:07:27,72.680
1720825658.050436,18:07:38,72.656
1720825668.11721,18:07:48,72.625
1720825678.184282,18:07:58,72.579
1720825688.253336,18:08:08,72.562
1720825698.320357,18:08:18,72.529
1720825708.387329,18:08:28,72.490
1720825718.454464,18:08:38,72.454
1720825728.521741,18:08:48,72.422
1720825738.588651,18:08:58,72.401
1720825748.662892,18:09:08,72.366
1720825758.753167,18:09:18,72.336
1720825768.820592,18:09:28,72.296
1720825778.900295,18:09:38,72.265
1720825788.966869,18:09:48,72.238
1720825799.033834,18:09:59,72.195
1720825809.10129,18:10:09,72.176
1720825819.168199,18:10:19,72.155
1720825829.235064,18:10:29,72.125
1720825839.302406,18:10:39,72.090
1720825849.369239,18:10:49,72.067
1720825859.436203,18:10:59,72.028
1720825869.503598,18:11:09,72.009
1720825879.570806,18:11:19,71.976
1720825889.638173,18:11:29,71.945
1720825899.735389,18:11:39,71.920
1720825909.803157,18:11:49,71.885
1720825919.869932,18:11:59,71.849
1720825929.948701,18:12:09,71.831
1720825940.015025,18:12:20,71.806
1720825950.081985,18:12:30,71.770
1720825960.149114,18:12:40,71.744
1720825970.216032,18:12:50,71.707
1720825980.282993,18:13:00,71.684
1720825990.350184,18:13:10,71.661
1720826000.416959,18:13:20,71.628
1720826010.483971,18:13:30,71.600
1720826020.550763,18:13:40,71.574
1720826030.61736,18:13:50,71.547
1720826040.684045,18:14:00,71.531
1720826050.768907,18:14:10,71.495
1720826060.835701,18:14:20,71.475
1720826070.902299,18:14:30,71.448
1720826080.96921,18:14:40,71.431
1720826091.035916,18:14:51,71.391
1720826101.102592,18:15:01,71.371
1720826111.169366,18:15:11,71.361
1720826121.236327,18:15:21,71.326
1720826131.303216,18:15:31,71.284
1720826141.370031,18:15:41,71.278
1720826151.43712,18:15:51,71.252
1720826161.503885,18:16:01,71.221
1720826171.571032,18:16:11,71.208
1720826181.637913,18:16:21,71.171
1720826191.711411,18:16:31,71.156
1720826201.796397,18:16:41,71.145
1720826211.863419,18:16:51,71.129
1720826221.929252,18:17:01,71.084
1720826231.995777,18:17:11,71.069
1720826242.076427,18:17:22,71.043
1720826252.14272,18:17:32,71.024
1720826262.209624,18:17:42,71.007
1720826272.277069,18:17:52,70.975
1720826282.343257,18:18:02,70.964
1720826292.409971,18:18:12,70.929
1720826302.476854,18:18:22,70.898
1720826312.543906,18:18:32,70.899
1720826322.610591,18:18:42,70.879
1720826332.677571,18:18:52,70.863
1720826342.778722,18:19:02,70.842
1720826352.845176,18:19:12,70.806
1720826362.91195,18:19:22,70.782
1720826372.979054,18:19:32,70.769
1720826383.046278,18:19:43,70.764
1720826393.125168,18:19:53,70.730
1720826403.192075,18:20:03,70.714
1720826413.25898,18:20:13,70.697
1720826423.326068,18:20:23,70.681
1720826433.392894,18:20:33,70.665
1720826443.459801,18:20:43,70.638
1720826453.526519,18:20:53,70.619
1720826463.593621,18:21:03,70.584
1720826473.660456,18:21:13,70.591
1720826483.727559,18:21:23,70.557
1720826493.812602,18:21:33,70.533
1720826503.879412,18:21:43,70.517
1720826513.946565,18:21:53,70.499
1720826524.013754,18:22:04,70.481
1720826534.080504,18:22:14,70.462
1720826544.147239,18:22:24,70.438
1720826554.213589,18:22:34,70.430
1720826564.280224,18:22:44,70.403
1720826574.3471,18:22:54,70.386
1720826584.413722,18:23:04,70.376
1720826594.480399,18:23:14,70.356
1720826604.547067,18:23:24,70.331
1720826614.613886,18:23:34,70.330
1720826624.680627,18:23:44,70.316
1720826634.747485,18:23:54,70.280
1720826644.831272,18:24:04,70.246
1720826654.898192,18:24:14,70.258
1720826664.96498,18:24:24,70.242
1720826675.032188,18:24:35,70.219
1720826685.099161,18:24:45,70.187
1720826695.165947,18:24:55,70.174
1720826705.241215,18:25:05,70.191
1720826715.307936,18:25:15,70.154
1720826725.374693,18:25:25,70.148
1720826735.441445,18:25:35,70.119
1720826745.508351,18:25:45,70.109
1720826755.574845,18:25:55,70.090
1720826765.64204,18:26:05,70.082
1720826775.709708,18:26:15,70.060
1720826785.786547,18:26:25,70.037
1720826795.870763,18:26:35,70.033
1720826805.937749,18:26:45,70.010
1720826816.004721,18:26:56,69.993
1720826826.071297,18:27:06,69.961
1720826836.138341,18:27:16,69.946
1720826846.204798,18:27:26,69.947
1720826856.271729,18:27:36,69.924
1720826866.33852,18:27:46,69.908
1720826876.405576,18:27:56,69.889
1720826886.472759,18:28:06,69.885
1720826896.539297,18:28:16,69.860
1720826906.606335,18:28:26,69.859
1720826916.673334,18:28:36,69.843
1720826926.73964,18:28:46,69.831
1720826936.834643,18:28:56,69.811
1720826946.90121,18:29:06,69.811
1720826956.967993,18:29:16,69.791
1720826967.034822,18:29:27,69.789
1720826977.101549,18:29:37,69.762
1720826987.168636,18:29:47,69.751
1720826997.235422,18:29:57,69.738
1720827007.302514,18:30:07,69.727
1720827017.382366,18:30:17,69.716
1720827027.449369,18:30:27,69.702
1720827037.516288,18:30:37,69.686
1720827047.583273,18:30:47,69.683
1720827057.650234,18:30:57,69.663
1720827067.716673,18:31:07,69.659
1720827077.783715,18:31:17,69.651
1720827087.871985,18:31:27,69.628
1720827097.938628,18:31:37,69.607
1720827108.005568,18:31:48,69.613
1720827118.072585,18:31:58,69.604
1720827128.139503,18:32:08,69.599
1720827138.206776,18:32:18,69.578
1720827148.273469,18:32:28,69.558
1720827158.340472,18:32:38,69.553
1720827168.407332,18:32:48,69.551
1720827178.473837,18:32:58,69.538
1720827188.540715,18:33:08,69.534
1720827198.607753,18:33:18,69.522
1720827208.674579,18:33:28,69.517
1720827218.741447,18:33:38,69.507
1720827228.814695,18:33:48,69.499
1720827238.899248,18:33:58,69.493
1720827248.966359,18:34:08,69.485
1720827259.033543,18:34:19,69.473
1720827269.100246,18:34:29,69.463
1720827279.167405,18:34:39,69.447
1720827289.234565,18:34:49,69.441
1720827299.301582,18:34:59,69.418
1720827309.368714,18:35:09,69.419
1720827319.435457,18:35:19,69.388
1720827329.510003,18:35:29,69.389
1720827339.576843,18:35:39,69.360
1720827349.64444,18:35:49,69.373
1720827359.711437,18:35:59,69.365
1720827369.778156,18:36:09,69.353
1720827379.872883,18:36:19,69.331
1720827389.939586,18:36:29,69.319
1720827400.006715,18:36:40,69.301
1720827410.073717,18:36:50,69.299
1720827420.140356,18:37:00,69.289
1720827430.207154,18:37:10,69.272
1720827440.273926,18:37:20,69.270
1720827450.34125,18:37:30,69.267
1720827460.408067,18:37:40,69.269
1720827470.474858,18:37:50,69.252
1720827480.553964,18:38:00,69.251
1720827490.621645,18:38:10,69.235
1720827500.688747,18:38:20,69.225
1720827510.755882,18:38:30,69.203
1720827520.822962,18:38:40,69.188
1720827530.911424,18:38:50,69.175
1720827540.978451,18:39:00,69.182
1720827551.045471,18:39:11,69.171
1720827561.112402,18:39:21,69.164
1720827571.179156,18:39:31,69.150
1720827581.245996,18:39:41,69.150
1720827591.312685,18:39:51,69.142
1720827601.379981,18:40:01,69.134
1720827611.447285,18:40:11,69.122
1720827621.513964,18:40:21,69.120
1720827631.581034,18:40:31,69.123
1720827641.647685,18:40:41,69.100
1720827651.714168,18:40:51,69.103
1720827661.780372,18:41:01,69.078
1720827671.860724,18:41:11,69.089
1720827681.94035,18:41:21,69.071
1720827692.007478,18:41:32,69.070
1720827702.074174,18:41:42,69.050
1720827712.141096,18:41:52,69.053
1720827722.207584,18:42:02,69.043
1720827732.274471,18:42:12,69.034
1720827742.341399,18:42:22,69.037
1720827752.408486,18:42:32,69.023
1720827762.475446,18:42:42,69.021
1720827772.542683,18:42:52,69.016
1720827782.609339,18:43:02,69.017
1720827792.68073,18:43:12,68.990
1720827802.747551,18:43:22,69.002
1720827812.814199,18:43:32,68.988
1720827822.908308,18:43:42,68.979
1720827832.975271,18:43:52,68.960
1720827843.042221,18:44:03,68.971
1720827853.109376,18:44:13,68.963
1720827863.176316,18:44:23,68.954
1720827873.243112,18:44:33,68.958
1720827883.310007,18:44:43,68.937
1720827893.377219,18:44:53,68.926
1720827903.443677,18:45:03,68.929
1720827913.510828,18:45:13,68.917
1720827923.578746,18:45:23,68.903
1720827933.645644,18:45:33,68.902
1720827943.724327,18:45:43,68.906
1720827953.790951,18:45:53,68.903
1720827963.858078,18:46:03,68.913
1720827973.949256,18:46:13,68.892
1720827984.016012,18:46:24,68.888
1720827994.082822,18:46:34,68.882
1720828004.149587,18:46:44,68.867
1720828014.217001,18:46:54,68.863
1720828024.284511,18:47:04,68.864
1720828034.351412,18:47:14,68.862
1720828044.418372,18:47:24,68.851
1720828054.485411,18:47:34,68.848
1720828064.552307,18:47:44,68.840
1720828074.619328,18:47:54,68.847
1720828084.685549,18:48:04,68.822
1720828094.751978,18:48:14,68.824
1720828104.818985,18:48:24,68.811
1720828114.905029,18:48:34,68.808
1720828124.982258,18:48:44,68.796
1720828135.048941,18:48:55,68.796
1720828145.115768,18:49:05,68.800
1720828155.183031,18:49:15,68.798
1720828165.24998,18:49:25,68.783
1720828175.317001,18:49:35,68.768
1720828185.383554,18:49:45,68.779
1720828195.450591,18:49:55,68.762
1720828205.517478,18:50:05,68.750
1720828215.584343,18:50:15,68.737
1720828225.651142,18:50:25,68.733
1720828235.717973,18:50:35,68.728
1720828245.784737,18:50:45,68.721
1720828255.852692,18:50:55,68.703
1720828265.945023,18:51:05,68.719
1720828276.011871,18:51:16,68.715
1720828286.078737,18:51:26,68.699
1720828296.146416,18:51:36,68.695
1720828306.213217,18:51:46,68.700
1720828316.280491,18:51:56,68.689
1720828326.347572,18:52:06,68.692
1720828336.414748,18:52:16,68.691
1720828346.481792,18:52:26,68.688
1720828356.54876,18:52:36,68.676
1720828366.615662,18:52:46,68.670
1720828376.682664,18:52:56,68.677
1720828386.749474,18:53:06,68.668
1720828396.816411,18:53:16,68.659
1720828406.891404,18:53:26,68.650
1720828416.992406,18:53:36,68.660
1720828427.059223,18:53:47,68.649
1720828437.125978,18:53:57,68.645
1720828447.193584,18:54:07,68.647
1720828457.260638,18:54:17,68.650
1720828467.327782,18:54:27,68.626
1720828477.394927,18:54:37,68.634
1720828487.461964,18:54:47,68.635
1720828497.52962,18:54:57,68.628
1720828507.596777,18:55:07,68.642
1720828517.663908,18:55:17,68.624
1720828527.730872,18:55:27,68.618
1720828537.797814,18:55:37,68.612
1720828547.864449,18:55:47,68.601
1720828557.931315,18:55:57,68.609
1720828568.018427,18:56:08,68.597
1720828578.085148,18:56:18,68.593
1720828588.151991,18:56:28,68.597
1720828598.21929,18:56:38,68.591
1720828608.286573,18:56:48,68.586
1720828618.353766,18:56:58,68.600
1720828628.421092,18:57:08,68.584
1720828638.488217,18:57:18,68.573
1720828648.554805,18:57:28,68.577
1720828658.621762,18:57:38,68.565
1720828668.688682,18:57:48,68.563
1720828678.755755,18:57:58,68.557
1720828688.822778,18:58:08,68.540
1720828698.889595,18:58:18,68.542
1720828708.95657,18:58:28,68.555
1720828719.065185,18:58:39,68.538
1720828729.131878,18:58:49,68.530
1720828739.199074,18:58:59,68.527
1720828749.266046,18:59:09,68.531
1720828759.333062,18:59:19,68.517
1720828769.399911,18:59:29,68.538
1720828779.466655,18:59:39,68.511
1720828789.53352,18:59:49,68.528
1720828799.600732,18:59:59,68.508
1720828809.667658,19:00:09,68.500
1720828819.734504,19:00:19,68.502
1720828829.801976,19:00:29,68.484
1720828839.868879,19:00:39,68.488
1720828849.935789,19:00:49,68.493
1720828860.002864,19:01:00,68.480
1720828870.110642,19:01:10,68.493
1720828880.177283,19:01:20,68.487
1720828890.244181,19:01:30,68.471
1720828900.310898,19:01:40,68.488
1720828910.377669,19:01:50,68.469
1720828920.444785,19:02:00,68.473
1720828930.512011,19:02:10,68.469
1720828940.578891,19:02:20,68.471
1720828950.645922,19:02:30,68.454
1720828960.712755,19:02:40,68.457
1720828970.779913,19:02:50,68.430
1720828980.846919,19:03:00,68.433
1720828990.913831,19:03:10,68.425
1720829000.980909,19:03:20,68.427
1720829011.047979,19:03:31,68.423
1720829021.142548,19:03:41,68.440
1720829031.227974,19:03:51,68.430
1720829041.294354,19:04:01,68.417
1720829051.361111,19:04:11,68.425
1720829061.428277,19:04:21,68.422
1720829071.495231,19:04:31,68.399
1720829081.562035,19:04:41,68.407
1720829091.629177,19:04:51,68.404
1720829101.695809,19:05:01,68.401
1720829111.76302,19:05:11,68.406
1720829121.829969,19:05:21,68.400
1720829131.896803,19:05:31,68.394
1720829141.963759,19:05:41,68.387
1720829152.030582,19:05:52,68.384
1720829162.096576,19:06:02,68.378
1720829172.171973,19:06:12,68.369
1720829182.254668,19:06:22,68.356
1720829192.321349,19:06:32,68.363
1720829202.38811,19:06:42,68.344
1720829212.455512,19:06:52,68.346
1720829222.52216,19:07:02,68.324
1720829232.588959,19:07:12,68.301
1720829242.655727,19:07:22,68.298
1720829252.722582,19:07:32,68.301
1720829262.789425,19:07:42,68.276
1720829272.856261,19:07:52,68.260
1720829282.923467,19:08:02,68.242
1720829292.990294,19:08:12,68.237
1720829303.057026,19:08:23,68.219
1720829313.124244,19:08:33,68.206
1720829323.191199,19:08:43,68.209
1720829333.294866,19:08:53,68.200
1720829343.361122,19:09:03,68.203
1720829353.42882,19:09:13,68.183
1720829363.496006,19:09:23,68.177
1720829373.562874,19:09:33,68.173
1720829383.629894,19:09:43,68.161
1720829393.696954,19:09:53,68.149
1720829403.764249,19:10:03,68.143
1720829413.831349,19:10:13,68.133
1720829423.898244,19:10:23,68.121
1720829433.965044,19:10:33,68.120
1720829444.032116,19:10:44,68.103
1720829454.099094,19:10:54,68.086
1720829464.166048,19:11:04,68.090
1720829474.232773,19:11:14,68.072
1720829484.334294,19:11:24,68.081
1720829494.401072,19:11:34,68.064
1720829504.468094,19:11:44,68.049
1720829514.534887,19:11:54,68.040
1720829524.601765,19:12:04,68.031
1720829534.668795,19:12:14,68.038
1720829544.735549,19:12:24,68.017
1720829554.802386,19:12:34,68.015
1720829564.869122,19:12:44,68.009
1720829574.936148,19:12:54,67.997
1720829585.002904,19:13:05,68.000
1720829595.069887,19:13:15,67.983
1720829605.136988,19:13:25,67.966
1720829615.203739,19:13:35,67.963
1720829625.270673,19:13:45,67.956
1720829635.365725,19:13:55,67.944
1720829645.43197,19:14:05,67.936
1720829655.498729,19:14:15,67.927
1720829665.565905,19:14:25,67.920
1720829675.632886,19:14:35,67.909
1720829685.699878,19:14:45,67.890
1720829695.767007,19:14:55,67.899
1720829705.833579,19:15:05,67.896
1720829715.900733,19:15:15,67.871
1720829725.967658,19:15:25,67.864
1720829736.034647,19:15:36,67.843
1720829746.101721,19:15:46,67.851
1720829756.168652,19:15:56,67.846
1720829766.235213,19:16:06,67.830
1720829776.302201,19:16:16,67.834
1720829786.390757,19:16:26,67.826
1720829796.456863,19:16:36,67.817
1720829806.523861,19:16:46,67.811
1720829816.590601,19:16:56,67.794
1720829826.657363,19:17:06,67.794
1720829836.724303,19:17:16,67.783
1720829846.791122,19:17:26,67.776
1720829856.857671,19:17:36,67.766
1720829866.924597,19:17:46,67.775
1720829876.991757,19:17:56,67.766
1720829887.058543,19:18:07,67.758
1720829897.125898,19:18:17,67.761
1720829907.193181,19:18:27,67.757
1720829917.260047,19:18:37,67.740
1720829927.326928,19:18:47,67.730
1720829937.412245,19:18:57,67.717
1720829947.495454,19:19:07,67.721
1720829957.562283,19:19:17,67.713
1720829967.628991,19:19:27,67.686
1720829977.695648,19:19:37,67.685
1720829987.762712,19:19:47,67.676
1720829997.830112,19:19:57,67.680
1720830007.897234,19:20:07,67.670
1720830017.964295,19:20:17,67.676
1720830028.031182,19:20:28,67.681
1720830038.098349,19:20:38,67.667
1720830048.165383,19:20:48,67.653
1720830058.232382,19:20:58,67.650
1720830068.299316,19:21:08,67.642
1720830078.399329,19:21:18,67.654
1720830088.466111,19:21:28,67.640
1720830098.547004,19:21:38,67.639
1720830108.613596,19:21:48,67.612
1720830118.680189,19:21:58,67.617
1720830128.747239,19:22:08,67.635
1720830138.814174,19:22:18,67.623
1720830148.881207,19:22:28,67.630
1720830158.948331,19:22:38,67.600
1720830169.015104,19:22:49,67.595
1720830179.081962,19:22:59,67.598
1720830189.148997,19:23:09,67.596
1720830199.215735,19:23:19,67.600
1720830209.282542,19:23:29,67.575
1720830219.35003,19:23:39,67.568
1720830229.436087,19:23:49,67.574
1720830239.503093,19:23:59,67.579
1720830249.570515,19:24:09,67.568
1720830259.637084,19:24:19,67.561
1720830269.703759,19:24:29,67.573
1720830279.770828,19:24:39,67.552
1720830289.837705,19:24:49,67.532
1720830299.904594,19:24:59,67.541
1720830309.971156,19:25:09,67.530
1720830320.038329,19:25:20,67.530
1720830330.105591,19:25:30,67.526
1720830340.172585,19:25:40,67.512
1720830350.239749,19:25:50,67.509
1720830360.306514,19:26:00,67.519
1720830370.373504,19:26:10,67.501
1720830380.464697,19:26:20,67.506
1720830390.531398,19:26:30,67.492
1720830400.598117,19:26:40,67.492
1720830410.669368,19:26:50,67.481
1720830420.735928,19:27:00,67.479
1720830430.802816,19:27:10,67.478
1720830440.86975,19:27:20,67.466
1720830450.936584,19:27:30,67.459
1720830461.003438,19:27:41,67.462
1720830471.07044,19:27:51,67.456
1720830481.13759,19:28:01,67.440
1720830491.204583,19:28:11,67.447
1720830501.271614,19:28:21,67.450
1720830511.338472,19:28:31,67.448
1720830521.428554,19:28:41,67.435
1720830531.495278,19:28:51,67.441
1720830541.562138,19:29:01,67.441
1720830551.629518,19:29:11,67.422
1720830561.699024,19:29:21,67.410
1720830571.765761,19:29:31,67.414
1720830581.832914,19:29:41,67.423
1720830591.900102,19:29:51,67.411
1720830601.966645,19:30:01,67.396
1720830612.033043,19:30:12,67.398
1720830622.100209,19:30:22,67.394
1720830632.166999,19:30:32,67.403
1720830642.234342,19:30:42,67.380
1720830652.301975,19:30:52,67.389
1720830662.368918,19:31:02,67.362
1720830672.463696,19:31:12,67.373
1720830682.530577,19:31:22,67.380
1720830692.597796,19:31:32,67.372
1720830702.6651,19:31:42,67.375
1720830712.731735,19:31:52,67.354
1720830722.798587,19:32:02,67.363
1720830732.865192,19:32:12,67.359
1720830742.93195,19:32:22,67.349
1720830752.999465,19:32:32,67.352
1720830763.066319,19:32:43,67.355
1720830773.13297,19:32:53,67.346
1720830783.199759,19:33:03,67.335
1720830793.266699,19:33:13,67.342
1720830803.333921,19:33:23,67.333
1720830813.40088,19:33:33,67.318
1720830823.487538,19:33:43,67.298
1720830833.554588,19:33:53,67.306
1720830843.621161,19:34:03,67.288
1720830853.688124,19:34:13,67.307
1720830863.754801,19:34:23,67.316
1720830873.829873,19:34:33,67.310
1720830883.896959,19:34:43,67.299
1720830893.964351,19:34:53,67.287
1720830904.031007,19:35:04,67.292
1720830914.097956,19:35:14,67.292
1720830924.164901,19:35:24,67.292
1720830934.232069,19:35:34,67.276
1720830944.298818,19:35:44,67.287
1720830954.365982,19:35:54,67.280
1720830964.43315,19:36:04,67.273
1720830974.520651,19:36:14,67.270
1720830984.587765,19:36:24,67.275
1720830994.654648,19:36:34,67.238
1720831004.721359,19:36:44,67.266
1720831014.788277,19:36:54,67.257
1720831024.855082,19:37:04,67.246
1720831034.921701,19:37:14,67.250
1720831044.988504,19:37:24,67.244
1720831055.055313,19:37:35,67.237
1720831065.12227,19:37:45,67.241
1720831075.18963,19:37:55,67.234
1720831085.257061,19:38:05,67.238
1720831095.324082,19:38:15,67.227
1720831105.390899,19:38:25,67.228
1720831115.466582,19:38:35,67.216
1720831125.550978,19:38:45,67.224
1720831135.617841,19:38:55,67.216
1720831145.684681,19:39:05,67.218
1720831155.752072,19:39:15,67.199
1720831165.818992,19:39:25,67.207
1720831175.885784,19:39:35,67.203
1720831185.968837,19:39:45,67.193
1720831196.035875,19:39:56,67.211
1720831206.102388,19:40:06,67.180
1720831216.16934,19:40:16,67.193
1720831226.236192,19:40:26,67.195
1720831236.303102,19:40:36,67.188
1720831246.369956,19:40:46,67.190
1720831256.436699,19:40:56,67.195
1720831266.525167,19:41:06,67.198
1720831276.59178,19:41:16,67.193
1720831286.658579,19:41:26,67.182
1720831296.72545,19:41:36,67.174
1720831306.792344,19:41:46,67.159
1720831316.859264,19:41:56,67.166
1720831326.925858,19:42:06,67.162
1720831336.992739,19:42:16,67.165
1720831347.05947,19:42:27,67.147
1720831357.126215,19:42:37,67.153
1720831367.193152,19:42:47,67.149
1720831377.26014,19:42:57,67.143
1720831387.327087,19:43:07,67.127
1720831397.394193,19:43:17,67.111
1720831407.460982,19:43:27,67.120
1720831417.543559,19:43:37,67.125
1720831427.610352,19:43:47,67.117
1720831437.677144,19:43:57,67.133
1720831447.743985,19:44:07,67.109
1720831457.810905,19:44:17,67.118
1720831467.877727,19:44:27,67.116
1720831477.944919,19:44:37,67.096
1720831488.011887,19:44:48,67.105
1720831498.091821,19:44:58,67.113
1720831508.158898,19:45:08,67.106
1720831518.225871,19:45:18,67.101
1720831528.292835,19:45:28,67.101
1720831538.359886,19:45:38,67.109
1720831548.42707,19:45:48,67.093
1720831558.508754,19:45:58,67.083
1720831568.584681,19:46:08,67.085
1720831578.651591,19:46:18,67.073
1720831588.718669,19:46:28,67.081
1720831598.78544,19:46:38,67.079
1720831608.852418,19:46:48,67.086
1720831618.919576,19:46:58,67.086
1720831628.986823,19:47:08,67.088
1720831639.053409,19:47:19,67.078
1720831649.120105,19:47:29,67.086
1720831659.186909,19:47:39,67.097
1720831669.253741,19:47:49,67.085
1720831679.320751,19:47:59,67.084
1720831689.387761,19:48:09,67.083
1720831699.454652,19:48:19,67.083
1720831709.550399,19:48:29,67.089
1720831719.617204,19:48:39,67.074
1720831729.684298,19:48:49,67.076
1720831739.75107,19:48:59,67.064
1720831749.818393,19:49:09,67.072
1720831759.885316,19:49:19,67.081
1720831769.952604,19:49:29,67.078
1720831780.019654,19:49:40,67.077
1720831790.086586,19:49:50,67.061
1720831800.153177,19:50:00,67.078
1720831810.219805,19:50:10,67.074
1720831820.286804,19:50:20,67.060
1720831830.353789,19:50:30,67.054
1720831840.420261,19:50:40,67.046
1720831850.487305,19:50:50,67.053
1720831860.571552,19:51:00,67.049
1720831870.638265,19:51:10,67.037
1720831880.70513,19:51:20,67.054
1720831890.781251,19:51:30,67.050
1720831900.847828,19:51:40,67.046
1720831910.915001,19:51:50,67.031
1720831920.982165,19:52:00,67.017
1720831931.04931,19:52:11,67.016
1720831941.116198,19:52:21,67.020
1720831951.183237,19:52:31,67.027
1720831961.261936,19:52:41,67.024
1720831971.331516,19:52:51,67.016
1720831981.39828,19:53:01,67.017
1720831991.465203,19:53:11,67.013
1720832001.541782,19:53:21,67.003
1720832011.629511,19:53:31,66.988
1720832021.6965,19:53:41,67.001
1720832031.775114,19:53:51,66.988
1720832041.84357,19:54:01,66.997
1720832051.910236,19:54:11,66.992
1720832061.981178,19:54:21,66.971
1720832072.048227,19:54:32,66.979
1720832082.115197,19:54:42,66.991
1720832092.186975,19:54:52,66.988
1720832102.252832,19:55:02,66.973
1720832112.335207,19:55:12,66.982
1720832122.40608,19:55:22,66.973
1720832132.472642,19:55:32,66.978
1720832142.539397,19:55:42,66.968
1720832152.632962,19:55:52,66.962
1720832162.699628,19:56:02,66.956
1720832172.76692,19:56:12,66.960
1720832182.83996,19:56:22,66.953
1720832192.906954,19:56:32,66.949
1720832202.973896,19:56:42,66.962
1720832213.046649,19:56:53,66.958
1720832223.113285,19:57:03,66.958
1720832233.179883,19:57:13,66.955
1720832243.252857,19:57:23,66.961
1720832253.319586,19:57:33,66.947
1720832263.395203,19:57:43,66.951
1720832273.466422,19:57:53,66.939
1720832283.533026,19:58:03,66.940
1720832293.628081,19:58:13,66.921
1720832303.697384,19:58:23,66.958
1720832313.764177,19:58:33,66.956
1720832323.831228,19:58:43,66.953
1720832333.904069,19:58:53,66.945
1720832343.971447,19:59:03,66.948
1720832354.038502,19:59:14,66.953
1720832364.108783,19:59:24,66.947
1720832374.175235,19:59:34,66.937
1720832384.244015,19:59:44,66.931
1720832394.3144,19:59:54,66.942
1720832404.381118,20:00:04,66.943
1720832414.453602,20:00:14,66.937
1720832424.524542,20:00:24,66.934
1720832434.623719,20:00:34,66.934
1720832444.690149,20:00:44,66.916
1720832454.759806,20:00:54,66.918
1720832464.826376,20:01:04,66.926
1720832474.893135,20:01:14,66.936
1720832484.968597,20:01:24,66.931
1720832495.035393,20:01:35,66.923
1720832505.102093,20:01:45,66.929
1720832515.172332,20:01:55,66.947
1720832525.239286,20:02:05,66.921
1720832535.306383,20:02:15,66.926
1720832545.378013,20:02:25,66.927
1720832555.4446,20:02:35,66.929
1720832565.512649,20:02:45,66.926
1720832575.589397,20:02:55,66.933
1720832585.671288,20:03:05,66.930
1720832595.737783,20:03:15,66.927
1720832605.813119,20:03:25,66.917
1720832615.879999,20:03:35,66.904
1720832625.947085,20:03:45,66.895
1720832636.019884,20:03:56,66.898
1720832646.087358,20:04:06,66.912
1720832656.154434,20:04:16,66.890
1720832666.229331,20:04:26,66.889
1720832676.296057,20:04:36,66.895
1720832686.363078,20:04:46,66.880
1720832696.436004,20:04:56,66.886
1720832706.50312,20:05:06,66.888
1720832716.574974,20:05:16,66.882
1720832726.662097,20:05:26,66.885
1720832736.728933,20:05:36,66.880
1720832746.795859,20:05:46,66.875
1720832756.869493,20:05:56,66.867
1720832766.936384,20:06:06,66.865
1720832777.003178,20:06:17,66.878
1720832787.077753,20:06:27,66.869
1720832797.144787,20:06:37,66.882
1720832807.211586,20:06:47,66.872
1720832817.280695,20:06:57,66.872
1720832827.347343,20:07:07,66.866
1720832837.414211,20:07:17,66.871
1720832847.483882,20:07:27,66.884
1720832857.550887,20:07:37,66.876
1720832867.655253,20:07:47,66.861
1720832877.727263,20:07:57,66.875
1720832887.794251,20:08:07,66.871
1720832897.861067,20:08:17,66.849
1720832907.931409,20:08:27,66.857
1720832917.998173,20:08:37,66.870
1720832928.065553,20:08:48,66.863
1720832938.140932,20:08:58,66.864
1720832948.207807,20:09:08,66.868
1720832958.274599,20:09:18,66.871
1720832968.347833,20:09:28,66.865
1720832978.414687,20:09:38,66.854
1720832988.481502,20:09:48,66.861
1720832998.552593,20:09:58,66.857
1720833008.619135,20:10:08,66.851
1720833018.72292,20:10:18,66.850
1720833028.794786,20:10:28,66.848
1720833038.861403,20:10:38,66.850
1720833048.928444,20:10:48,66.845
1720833058.998334,20:10:58,66.839
1720833069.065237,20:11:09,66.833
1720833079.13199,20:11:19,66.834
1720833089.205551,20:11:29,66.837
1720833099.272577,20:11:39,66.830
1720833109.339469,20:11:49,66.826
1720833119.410287,20:11:59,66.820
1720833129.477024,20:12:09,66.819
1720833139.543786,20:12:19,66.819
1720833149.614362,20:12:29,66.812
1720833159.694817,20:12:39,66.804
1720833169.78113,20:12:49,66.806
1720833179.855745,20:12:59,66.818
1720833189.922898,20:13:09,66.813
1720833199.989677,20:13:19,66.798
1720833210.062769,20:13:30,66.798
1720833220.129452,20:13:40,66.815
1720833230.196152,20:13:50,66.796
1720833240.269654,20:14:00,66.809
1720833250.336502,20:14:10,66.793
1720833260.403272,20:14:20,66.813
1720833270.472602,20:14:30,66.792
1720833280.539736,20:14:40,66.807
1720833290.606468,20:14:50,66.805
1720833300.678946,20:15:00,66.796
1720833310.762109,20:15:10,66.780
1720833320.828321,20:15:20,66.787
1720833330.900201,20:15:30,66.785
1720833340.967118,20:15:40,66.794
1720833351.034266,20:15:51,66.796
1720833361.104442,20:16:01,66.782
1720833371.17138,20:16:11,66.795
1720833381.238093,20:16:21,66.772
1720833391.308715,20:16:31,66.797
1720833401.375677,20:16:41,66.790
1720833411.442608,20:16:51,66.781
1720833421.51994,20:17:01,66.779
1720833431.586989,20:17:11,66.778
1720833441.65358,20:17:21,66.756
1720833451.731042,20:17:31,66.762
1720833461.816788,20:17:41,66.770
1720833471.883033,20:17:51,66.757
1720833481.951927,20:18:01,66.765
1720833492.018718,20:18:12,66.761
1720833502.085589,20:18:22,66.770
1720833512.159954,20:18:32,66.765
1720833522.227193,20:18:42,66.757
1720833532.294189,20:18:52,66.764
1720833542.36523,20:19:02,66.764
1720833552.431997,20:19:12,66.742
1720833562.49912,20:19:22,66.742
1720833572.572441,20:19:32,66.733
1720833582.639165,20:19:42,66.746
1720833592.706363,20:19:52,66.735
1720833602.811422,20:20:02,66.746
1720833612.878583,20:20:12,66.745
1720833622.945067,20:20:22,66.743
1720833633.016677,20:20:33,66.737
1720833643.083208,20:20:43,66.746
1720833653.150251,20:20:53,66.738
1720833663.220409,20:21:03,66.723
1720833673.28725,20:21:13,66.722
1720833683.353855,20:21:23,66.716
1720833693.428365,20:21:33,66.727
1720833703.495043,20:21:43,66.736
1720833713.562017,20:21:53,66.732
1720833723.632207,20:22:03,66.726
1720833733.699368,20:22:13,66.734
1720833743.793966,20:22:23,66.734
1720833753.865724,20:22:33,66.733
1720833763.932548,20:22:43,66.732
1720833773.999017,20:22:53,66.726
1720833784.072826,20:23:04,66.718
1720833794.139719,20:23:14,66.714
1720833804.206658,20:23:24,66.728
1720833814.279354,20:23:34,66.728
1720833824.345995,20:23:44,66.733
1720833834.412678,20:23:54,66.713
1720833844.486415,20:24:04,66.719
1720833854.553375,20:24:14,66.724
1720833864.620485,20:24:24,66.732
1720833874.692824,20:24:34,66.719
1720833884.770887,20:24:44,66.718
1720833894.852697,20:24:54,66.723
1720833904.926418,20:25:04,66.718
1720833914.993197,20:25:14,66.710
1720833925.060078,20:25:25,66.698
1720833935.133179,20:25:35,66.711
1720833945.200048,20:25:45,66.714
1720833955.267576,20:25:55,66.695
1720833965.340659,20:26:05,66.694
1720833975.407779,20:26:15,66.712
1720833985.474585,20:26:25,66.719
1720833995.547117,20:26:35,66.696
1720834005.613984,20:26:45,66.696
1720834015.681162,20:26:55,66.704
1720834025.7503,20:27:05,66.696
1720834035.831949,20:27:15,66.693
1720834045.898872,20:27:25,66.709
1720834055.973754,20:27:35,66.694
1720834066.040425,20:27:46,66.688
1720834076.107058,20:27:56,66.689
1720834086.180732,20:28:06,66.693
1720834096.247558,20:28:16,66.677
1720834106.314496,20:28:26,66.704
1720834116.388295,20:28:36,66.692
1720834126.455297,20:28:46,66.696
1720834136.522216,20:28:56,66.671
1720834146.592199,20:29:06,66.681
1720834156.658986,20:29:16,66.691
1720834166.725941,20:29:26,66.676
1720834176.815827,20:29:36,66.676
1720834186.88268,20:29:46,66.681
1720834196.949892,20:29:56,66.686
1720834207.019415,20:30:07,66.676
1720834217.086349,20:30:17,66.653
1720834227.155788,20:30:27,66.674
1720834237.225369,20:30:37,66.666
1720834247.29231,20:30:47,66.663
1720834257.359261,20:30:57,66.660
1720834267.431213,20:31:07,66.650
1720834277.497974,20:31:17,66.658
1720834287.564952,20:31:27,66.663
1720834297.637381,20:31:37,66.651
1720834307.704173,20:31:47,66.641
1720834317.771585,20:31:57,66.655
1720834327.865947,20:32:07,66.646
1720834337.932541,20:32:17,66.645
1720834347.999024,20:32:27,66.662
1720834358.072145,20:32:38,66.649
1720834368.138929,20:32:48,66.656
1720834378.212886,20:32:58,66.648
1720834388.286753,20:33:08,66.647
1720834398.353472,20:33:18,66.646
1720834408.420735,20:33:28,66.645
1720834418.492463,20:33:38,66.644
1720834428.559234,20:33:48,66.647
1720834438.626028,20:33:58,66.630
1720834448.703455,20:34:08,66.638
1720834458.770184,20:34:18,66.620
1720834468.861432,20:34:28,66.619
1720834478.931964,20:34:38,66.625
1720834488.998886,20:34:48,66.621
1720834499.0659,20:34:59,66.615
1720834509.136999,20:35:09,66.633
1720834519.203739,20:35:19,66.627
1720834529.271254,20:35:29,66.630
1720834539.342402,20:35:39,66.631
1720834549.409588,20:35:49,66.635
1720834559.476514,20:35:59,66.621
1720834569.546748,20:36:09,66.604
1720834579.613654,20:36:19,66.611
1720834589.68071,20:36:29,66.630
1720834599.751712,20:36:39,66.614
1720834609.829716,20:36:49,66.624
1720834619.912683,20:36:59,66.611
1720834629.984389,20:37:09,66.605
1720834640.05125,20:37:20,66.607
1720834650.11808,20:37:30,66.602
1720834660.189586,20:37:40,66.608
1720834670.256136,20:37:50,66.587
1720834680.33016,20:38:00,66.597
1720834690.405339,20:38:10,66.596
1720834700.472212,20:38:20,66.599
1720834710.539266,20:38:30,66.581
1720834720.613148,20:38:40,66.590
1720834730.68007,20:38:50,66.587
1720834740.746947,20:39:00,66.575
1720834750.822094,20:39:10,66.576
1720834760.909922,20:39:20,66.572
1720834770.976769,20:39:30,66.580
1720834781.048628,20:39:41,66.594
1720834791.115947,20:39:51,66.575
1720834801.183005,20:40:01,66.582
1720834811.25542,20:40:11,66.585
1720834821.322159,20:40:21,66.595
1720834831.388391,20:40:31,66.595
1720834841.458497,20:40:41,66.564
1720834851.5252,20:40:51,66.578
1720834861.592712,20:41:01,66.594
1720834871.669092,20:41:11,66.589
1720834881.735804,20:41:21,66.575
1720834891.802783,20:41:31,66.570
1720834901.898738,20:41:41,66.562
1720834911.965954,20:41:51,66.560
1720834922.031968,20:42:02,66.570
1720834932.101875,20:42:12,66.579
1720834942.169048,20:42:22,66.567
1720834952.235822,20:42:32,66.575
1720834962.309696,20:42:42,66.575
1720834972.376225,20:42:52,66.562
1720834982.447193,20:43:02,66.567
1720834992.518207,20:43:12,66.566
1720835002.585042,20:43:22,66.541
1720835012.651727,20:43:32,66.555
1720835022.721204,20:43:42,66.544
1720835032.787993,20:43:52,66.566
1720835042.854809,20:44:02,66.554
1720835052.940261,20:44:12,66.552
1720835063.006854,20:44:23,66.553
1720835073.073471,20:44:33,66.543
1720835083.147106,20:44:43,66.540
1720835093.214336,20:44:53,66.534
1720835103.280659,20:45:03,66.535
1720835113.352804,20:45:13,66.533
1720835123.419582,20:45:23,66.543
1720835133.500264,20:45:33,66.528
1720835143.569766,20:45:43,66.527
1720835153.636472,20:45:53,66.530
1720835163.703351,20:46:03,66.527
1720835173.772689,20:46:13,66.518
1720835183.840397,20:46:23,66.526
1720835193.933272,20:46:33,66.516
1720835204.004304,20:46:44,66.522
1720835214.070958,20:46:54,66.521
1720835224.138146,20:47:04,66.521
1720835234.211347,20:47:14,66.502
1720835244.278399,20:47:24,66.513
1720835254.345339,20:47:34,66.502
1720835264.41692,20:47:44,66.506
1720835274.483547,20:47:54,66.520
1720835284.565924,20:48:04,66.513
1720835294.635054,20:48:14,66.508
1720835304.701888,20:48:24,66.509
1720835314.76838,20:48:34,66.502
1720835324.841931,20:48:44,66.511
1720835334.938385,20:48:54,66.512
1720835345.005214,20:49:05,66.512
1720835355.078679,20:49:15,66.502
1720835365.145756,20:49:25,66.502
1720835375.212439,20:49:35,66.491
1720835385.282608,20:49:45,66.504
1720835395.349358,20:49:55,66.484
1720835405.416335,20:50:05,66.473
1720835415.490022,20:50:15,66.487
1720835425.556586,20:50:25,66.475
1720835435.625869,20:50:35,66.470
1720835445.699353,20:50:45,66.482
1720835455.766335,20:50:55,66.482
1720835465.833251,20:51:05,66.488
1720835475.929499,20:51:15,66.471
1720835485.996354,20:51:25,66.480
1720835496.063607,20:51:36,66.489
1720835506.142312,20:51:46,66.488
1720835516.21099,20:51:56,66.481
1720835526.277497,20:52:06,66.473
1720835536.350007,20:52:16,66.462
1720835546.417022,20:52:26,66.463
1720835556.483982,20:52:36,66.462
1720835566.554317,20:52:46,66.476
1720835576.6211,20:52:56,66.468
1720835586.687766,20:53:06,66.468
1720835596.759513,20:53:16,66.471
1720835606.826378,20:53:26,66.461
1720835616.893652,20:53:36,66.457
1720835626.981647,20:53:46,66.432
1720835637.048982,20:53:57,66.456
1720835647.115552,20:54:07,66.460
1720835657.187227,20:54:17,66.472
1720835667.254086,20:54:27,66.467
1720835677.320947,20:54:37,66.476
1720835687.392579,20:54:47,66.466
1720835697.459451,20:54:57,66.484
1720835707.526322,20:55:07,66.482
1720835717.599799,20:55:17,66.498
1720835727.666808,20:55:27,66.503
1720835737.741352,20:55:37,66.505
1720835747.811385,20:55:47,66.515
1720835757.87891,20:55:57,66.514
1720835767.971035,20:56:07,66.509
1720835778.041769,20:56:18,66.514
1720835788.108621,20:56:28,66.518
1720835798.175577,20:56:38,66.527
1720835808.251614,20:56:48,66.500
1720835818.318501,20:56:58,66.515
1720835828.385075,20:57:08,66.511
1720835838.458254,20:57:18,66.520
1720835848.525123,20:57:28,66.527
1720835858.59209,20:57:38,66.513
1720835868.66406,20:57:48,66.520
1720835878.730769,20:57:58,66.515
1720835888.797348,20:58:08,66.516
1720835898.866926,20:58:18,66.520
1720835908.943576,20:58:28,66.496
1720835919.025511,20:58:39,66.515
1720835929.09869,20:58:49,66.516
1720835939.165702,20:58:59,66.502
1720835949.232756,20:59:09,66.504
1720835959.303636,20:59:19,66.506
1720835969.370482,20:59:29,66.507
1720835979.437053,20:59:39,66.497
1720835989.506717,20:59:49,66.499
1720835999.573652,20:59:59,66.504
1720836009.640778,21:00:09,66.505
1720836019.711008,21:00:19,66.506
1720836029.777752,21:00:29,66.511
1720836039.852471,21:00:39,66.483
1720836049.922749,21:00:49,66.477
1720836060.004862,21:01:00,66.473
1720836070.071334,21:01:10,66.463
1720836080.143063,21:01:20,66.450
1720836090.209891,21:01:30,66.439
1720836100.276736,21:01:40,66.418
1720836110.346137,21:01:50,66.429
1720836120.413213,21:02:00,66.401
1720836130.480336,21:02:10,66.407
1720836140.553247,21:02:20,66.404
1720836150.62014,21:02:30,66.385
1720836160.687181,21:02:40,66.369
1720836170.756461,21:02:50,66.369
1720836180.823196,21:03:00,66.358
1720836190.907518,21:03:10,66.347
1720836201.010395,21:03:21,66.339
1720836211.077696,21:03:31,66.333
1720836221.144475,21:03:41,66.322
1720836231.217381,21:03:51,66.340
1720836241.284171,21:04:01,66.318
1720836251.351372,21:04:11,66.314
1720836261.424444,21:04:21,66.322
1720836271.491559,21:04:31,66.307
1720836281.558077,21:04:41,66.291
1720836291.630105,21:04:51,66.283
1720836301.696999,21:05:01,66.277
1720836311.764207,21:05:11,66.286
1720836321.8342,21:05:21,66.274
1720836331.901078,21:05:31,66.268
1720836341.990374,21:05:41,66.269
1720836352.064639,21:05:52,66.248
1720836362.131739,21:06:02,66.258
1720836372.198563,21:06:12,66.230
1720836382.270969,21:06:22,66.250
1720836392.337574,21:06:32,66.232
1720836402.404878,21:06:42,66.233
1720836412.478543,21:06:52,66.233
1720836422.544958,21:07:02,66.223
1720836432.611976,21:07:12,66.204
1720836442.683368,21:07:22,66.208
1720836452.75037,21:07:32,66.207
1720836462.817196,21:07:42,66.209
1720836472.892033,21:07:52,66.195
1720836482.958941,21:08:02,66.192
1720836493.057587,21:08:13,66.189
1720836503.12917,21:08:23,66.188
1720836513.196117,21:08:33,66.178
1720836523.262431,21:08:43,66.166
1720836533.33236,21:08:53,66.149
1720836543.398896,21:09:03,66.163
1720836553.465973,21:09:13,66.144
1720836563.53549,21:09:23,66.129
1720836573.602702,21:09:33,66.132
1720836583.669578,21:09:43,66.118
1720836593.73941,21:09:53,66.120
1720836603.80626,21:10:03,66.113
1720836613.873116,21:10:13,66.116
1720836623.943383,21:10:23,66.110
1720836634.010215,21:10:34,66.104
1720836644.106758,21:10:44,66.112
1720836654.178725,21:10:54,66.083
1720836664.245545,21:11:04,66.085
1720836674.312356,21:11:14,66.066
1720836684.388053,21:11:24,66.062
1720836694.454815,21:11:34,66.075
1720836704.521732,21:11:44,66.072
1720836714.591276,21:11:54,66.056
1720836724.658705,21:12:04,66.039
1720836734.725591,21:12:14,66.034
1720836744.797471,21:12:24,66.044
1720836754.864423,21:12:34,66.051
1720836764.931446,21:12:44,66.040
1720836775.000565,21:12:55,66.028
1720836785.096158,21:13:05,66.025
1720836795.162501,21:13:15,66.034
1720836805.237237,21:13:25,66.019
1720836815.303987,21:13:35,66.011
1720836825.370667,21:13:45,66.005
1720836835.444478,21:13:55,66.004
1720836845.511265,21:14:05,65.996
1720836855.578119,21:14:15,65.977
1720836865.651834,21:14:25,65.984
1720836875.71884,21:14:35,65.981
1720836885.78562,21:14:45,65.990
1720836895.857975,21:14:55,65.975
1720836905.924985,21:15:05,65.957
1720836915.991558,21:15:15,65.972
1720836926.069485,21:15:26,65.955
1720836936.1553,21:15:36,65.961
1720836946.222079,21:15:46,65.956
1720836956.291585,21:15:56,65.951
1720836966.364621,21:16:06,65.952
1720836976.431424,21:16:16,65.951
1720836986.508263,21:16:26,65.947
1720836996.574963,21:16:36,65.944
1720837006.642711,21:16:46,65.939
1720837016.715358,21:16:56,65.932
1720837026.782331,21:17:06,65.923
1720837036.849133,21:17:16,65.917
1720837046.920227,21:17:26,65.911
1720837056.98719,21:17:36,65.903
1720837067.053891,21:17:47,65.892
1720837077.134519,21:17:57,65.902
1720837087.200969,21:18:07,65.903
1720837097.268089,21:18:17,65.894
1720837107.339495,21:18:27,65.894
1720837117.406516,21:18:37,65.895
1720837127.473589,21:18:47,65.891
1720837137.548474,21:18:57,65.895
1720837147.61549,21:19:07,65.904
1720837157.682378,21:19:17,65.889
1720837167.759841,21:19:27,65.874
1720837177.826881,21:19:37,65.873
1720837187.893868,21:19:47,65.875
1720837197.966055,21:19:57,65.864
1720837208.033235,21:20:08,65.875
1720837218.12589,21:20:18,65.873
1720837228.196261,21:20:28,65.863
1720837238.263081,21:20:38,65.868
1720837248.329667,21:20:48,65.852
1720837258.399518,21:20:58,65.866
1720837268.466802,21:21:08,65.853
1720837278.533761,21:21:18,65.837
1720837288.603832,21:21:28,65.842
1720837298.67055,21:21:38,65.837
1720837308.737649,21:21:48,65.840
1720837318.813742,21:21:58,65.824
1720837328.880775,21:22:08,65.821
1720837338.947629,21:22:18,65.825
1720837349.019804,21:22:29,65.817
1720837359.08652,21:22:39,65.802
1720837369.171106,21:22:49,65.802
1720837379.242639,21:22:59,65.799
1720837389.309596,21:23:09,65.803
1720837399.375997,21:23:19,65.809
1720837409.445319,21:23:29,65.781
1720837419.511919,21:23:39,65.782
1720837429.578505,21:23:49,65.777
1720837439.651353,21:23:59,65.778
1720837449.718334,21:24:09,65.771
1720837459.785065,21:24:19,65.786
1720837469.858009,21:24:29,65.792
1720837479.924696,21:24:39,65.773
1720837489.991606,21:24:49,65.766
1720837500.064548,21:25:00,65.767
1720837510.154625,21:25:10,65.759
1720837520.221111,21:25:20,65.760
1720837530.291608,21:25:30,65.749
1720837540.358365,21:25:40,65.744
1720837550.424893,21:25:50,65.742
1720837560.495055,21:26:00,65.733
1720837570.562078,21:26:10,65.741
1720837580.628887,21:26:20,65.730
1720837590.700411,21:26:30,65.745
1720837600.76741,21:26:40,65.713
1720837610.834231,21:26:50,65.709
1720837620.905228,21:27:00,65.719
1720837630.972465,21:27:10,65.709
1720837641.039447,21:27:21,65.711
1720837651.115415,21:27:31,65.709
1720837661.200287,21:27:41,65.690
1720837671.266916,21:27:51,65.712
1720837681.335891,21:28:01,65.696
1720837691.403053,21:28:11,65.686
1720837701.482282,21:28:21,65.676
1720837711.552662,21:28:31,65.663
1720837721.619587,21:28:41,65.687
1720837731.686274,21:28:51,65.680
1720837741.757371,21:29:01,65.659
1720837751.824197,21:29:11,65.678
1720837761.891113,21:29:21,65.662
1720837771.963198,21:29:31,65.654
1720837782.03019,21:29:42,65.660
1720837792.097063,21:29:52,65.655
1720837802.350212,21:30:02,65.644
1720837812.417008,21:30:12,65.639
1720837822.483765,21:30:22,65.649
1720837832.560003,21:30:32,65.638
1720837842.626699,21:30:42,65.628
1720837852.693579,21:30:52,65.646
1720837862.763709,21:31:02,65.626
1720837872.830591,21:31:12,65.626
1720837882.897652,21:31:22,65.624
1720837892.968202,21:31:32,65.619
1720837903.034846,21:31:43,65.619
1720837913.101674,21:31:53,65.622
1720837923.190947,21:32:03,65.615
1720837933.257672,21:32:13,65.619
1720837943.324731,21:32:23,65.615
1720837953.394228,21:32:33,65.617
1720837963.460967,21:32:43,65.603
1720837973.528414,21:32:53,65.606
1720837983.600107,21:33:03,65.593
1720837993.666765,21:33:13,65.589
1720838003.733734,21:33:23,65.603
1720838013.808311,21:33:33,65.601
1720838023.874804,21:33:43,65.584
1720838033.941638,21:33:53,65.596
1720838044.013154,21:34:04,65.581
1720838054.080194,21:34:14,65.576
1720838064.170093,21:34:24,65.591
1720838074.242947,21:34:34,65.578
1720838084.309748,21:34:44,65.572
1720838094.376903,21:34:54,65.579
1720838104.45187,21:35:04,65.589
1720838114.519314,21:35:14,65.568
1720838124.586237,21:35:24,65.579
1720838134.655989,21:35:34,65.553
1720838144.722718,21:35:44,65.560
1720838154.789647,21:35:54,65.559
1720838164.859957,21:36:04,65.570
1720838174.926375,21:36:14,65.551
1720838184.993085,21:36:24,65.548
1720838195.062329,21:36:35,65.533
1720838205.129324,21:36:45,65.552
1720838215.213353,21:36:55,65.544
1720838225.287388,21:37:05,65.550
1720838235.354311,21:37:15,65.547
1720838245.421425,21:37:25,65.540
1720838255.495968,21:37:35,65.531
1720838265.563125,21:37:45,65.513
1720838275.630045,21:37:55,65.522
1720838285.71245,21:38:05,65.528
1720838295.779269,21:38:15,65.515
1720838305.846268,21:38:25,65.516
1720838315.917451,21:38:35,65.512
1720838325.984365,21:38:45,65.524
1720838336.051427,21:38:56,65.513
1720838346.121861,21:39:06,65.527
1720838356.21282,21:39:16,65.506
1720838366.279292,21:39:26,65.511
1720838376.353429,21:39:36,65.512
1720838386.420284,21:39:46,65.481
1720838396.487027,21:39:56,65.486
1720838406.55856,21:40:06,65.480
1720838416.625312,21:40:16,65.485
1720838426.692222,21:40:26,65.485
1720838436.774316,21:40:36,65.481
1720838446.840997,21:40:46,65.477
1720838456.907841,21:40:56,65.480
1720838466.982213,21:41:06,65.479
1720838477.049226,21:41:17,65.470
1720838487.116127,21:41:27,65.468
1720838497.210332,21:41:37,65.470
1720838507.277103,21:41:47,65.460
1720838517.34407,21:41:57,65.460
1720838527.414481,21:42:07,65.456
1720838537.481983,21:42:17,65.452
1720838547.54876,21:42:27,65.440
1720838557.624494,21:42:37,65.425
1720838567.69151,21:42:47,65.431
1720838577.759923,21:42:57,65.434
1720838587.831237,21:43:07,65.435
1720838597.898107,21:43:17,65.421
1720838607.964942,21:43:27,65.422
1720838618.035418,21:43:38,65.414
1720838628.102491,21:43:48,65.421
1720838638.170046,21:43:58,65.406
1720838648.264685,21:44:08,65.422
1720838658.331604,21:44:18,65.424
1720838668.398293,21:44:28,65.412
1720838678.470161,21:44:38,65.426
1720838688.536566,21:44:48,65.416
1720838698.603765,21:44:58,65.405
1720838708.678679,21:45:08,65.414
1720838718.745651,21:45:18,65.406
1720838728.812208,21:45:28,65.388
1720838738.892339,21:45:38,65.386
1720838748.959322,21:45:48,65.383
1720838759.026176,21:45:59,65.390
1720838769.097017,21:46:09,65.403
1720838779.164096,21:46:19,65.399
1720838789.259982,21:46:29,65.396
1720838799.330057,21:46:39,65.389
1720838809.396814,21:46:49,65.380
1720838819.463898,21:46:59,65.384
1720838829.534629,21:47:09,65.375
1720838839.601222,21:47:19,65.394
1720838849.668324,21:47:29,65.397
1720838859.743062,21:47:39,65.378
1720838869.810114,21:47:49,65.377
1720838879.87677,21:47:59,65.358
1720838889.947519,21:48:09,65.366
1720838900.014055,21:48:20,65.375
1720838910.082359,21:48:30,65.372
1720838920.156661,21:48:40,65.374
1720838930.231653,21:48:50,65.380
1720838940.319127,21:49:00,65.367
1720838950.393441,21:49:10,65.364
1720838960.460771,21:49:20,65.363
1720838970.527409,21:49:30,65.371
1720838980.600162,21:49:40,65.356
1720838990.667105,21:49:50,65.355
1720839000.734514,21:50:00,65.347
1720839010.805095,21:50:10,65.342
1720839020.871805,21:50:20,65.354
1720839030.939,21:50:30,65.341
1720839041.008934,21:50:41,65.348
1720839051.075584,21:50:51,65.347
1720839061.142579,21:51:01,65.344
1720839071.214441,21:51:11,65.345
1720839081.301996,21:51:21,65.329
1720839091.369085,21:51:31,65.319
1720839101.447656,21:51:41,65.324
1720839111.51447,21:51:51,65.327
1720839121.58167,21:52:01,65.331
1720839131.653075,21:52:11,65.322
1720839141.719838,21:52:21,65.309
1720839151.786654,21:52:31,65.316
1720839161.861397,21:52:41,65.314
1720839171.928584,21:52:51,65.309
1720839181.995063,21:53:01,65.308
1720839192.065964,21:53:12,65.313
1720839202.132699,21:53:22,65.305
1720839212.199818,21:53:32,65.297
1720839222.294576,21:53:42,65.293
1720839232.361503,21:53:52,65.297
1720839242.428154,21:54:02,65.305
1720839252.501922,21:54:12,65.299
1720839262.568714,21:54:22,65.299
1720839272.635837,21:54:32,65.297
1720839282.705863,21:54:42,65.305
1720839292.772719,21:54:52,65.293
1720839302.83918,21:55:02,65.281
1720839312.912799,21:55:12,65.283
1720839322.979561,21:55:22,65.294
1720839333.046132,21:55:33,65.289
1720839343.12221,21:55:43,65.292
1720839353.18888,21:55:53,65.288
1720839363.265686,21:56:03,65.273
1720839373.354718,21:56:13,65.283
1720839383.421447,21:56:23,65.286
1720839393.488322,21:56:33,65.287
1720839403.564205,21:56:43,65.280
1720839413.630999,21:56:53,65.278
1720839423.698141,21:57:03,65.268
1720839433.770231,21:57:13,65.272
1720839443.837016,21:57:23,65.264
1720839453.903904,21:57:33,65.256
1720839463.973459,21:57:43,65.261
1720839474.040571,21:57:54,65.255
1720839484.10739,21:58:04,65.249
1720839494.176238,21:58:14,65.237
1720839504.242688,21:58:24,65.236
1720839514.326762,21:58:34,65.223
1720839524.399703,21:58:44,65.245
1720839534.466481,21:58:54,65.246
1720839544.533413,21:59:04,65.235
1720839554.610566,21:59:14,65.230
1720839564.677551,21:59:24,65.232
1720839574.744324,21:59:34,65.230
1720839584.815002,21:59:44,65.240
1720839594.882029,21:59:54,65.237
1720839604.94882,22:00:04,65.234
1720839615.019499,22:00:15,65.236
1720839625.086514,22:00:25,65.236
1720839635.15333,22:00:35,65.230
1720839645.23863,22:00:45,65.252
1720839655.330186,22:00:55,65.236
1720839665.39717,22:01:05,65.231
1720839675.467656,22:01:15,65.229
1720839685.534332,22:01:25,65.234
1720839695.601333,22:01:35,65.251
1720839705.67142,22:01:45,65.233
1720839715.73811,22:01:55,65.239
1720839725.805156,22:02:05,65.239
1720839735.881746,22:02:15,65.231
1720839745.948627,22:02:25,65.220
1720839756.015255,22:02:36,65.220
1720839766.08548,22:02:46,65.223
1720839776.152626,22:02:56,65.233
1720839786.219389,22:03:06,65.227
1720839796.3141,22:03:16,65.226
1720839806.380587,22:03:26,65.230
1720839816.447497,22:03:36,65.214
1720839826.51999,22:03:46,65.210
1720839836.587066,22:03:56,65.206
1720839846.654339,22:04:06,65.219
1720839856.728902,22:04:16,65.213
1720839866.795679,22:04:26,65.208
1720839876.862436,22:04:36,65.190
1720839886.933507,22:04:46,65.193
1720839897.000374,22:04:57,65.208
1720839907.067455,22:05:07,65.212
1720839917.137381,22:05:17,65.205
1720839927.204167,22:05:27,65.199
1720839937.271274,22:05:37,65.211
1720839947.380794,22:05:47,65.192
1720839957.447168,22:05:57,65.191
1720839967.514115,22:06:07,65.186
1720839977.5862,22:06:17,65.185
1720839987.65301,22:06:27,65.186
1720839997.719827,22:06:37,65.194
1720840007.790432,22:06:47,65.189
1720840017.857279,22:06:57,65.186
1720840027.924178,22:07:07,65.169
1720840037.999983,22:07:17,65.168
1720840048.066927,22:07:28,65.158
1720840058.13397,22:07:38,65.170
1720840068.207112,22:07:48,65.152
1720840078.273789,22:07:58,65.151
1720840088.372899,22:08:08,65.153
1720840098.443574,22:08:18,65.171
1720840108.510332,22:08:28,65.180
1720840118.577011,22:08:38,65.167
1720840128.647981,22:08:48,65.182
1720840138.714645,22:08:58,65.174
1720840148.781453,22:09:08,65.157
1720840158.85384,22:09:18,65.159
1720840168.920581,22:09:28,65.157
1720840178.987422,22:09:38,65.160
1720840189.058607,22:09:49,65.176
1720840199.125859,22:09:59,65.155
1720840209.192935,22:10:09,65.151
1720840219.263063,22:10:19,65.152
1720840229.336132,22:10:29,65.160
1720840239.420859,22:10:39,65.148
1720840249.494851,22:10:49,65.149
1720840259.561306,22:10:59,65.145
1720840269.628042,22:11:09,65.147
1720840279.697176,22:11:19,65.141
1720840289.763807,22:11:29,65.149
1720840299.830591,22:11:39,65.136
1720840309.901695,22:11:49,65.140
1720840319.968588,22:11:59,65.136
1720840330.035276,22:12:10,65.139
1720840340.108448,22:12:20,65.134
1720840350.175091,22:12:30,65.133
1720840360.242113,22:12:40,65.123
1720840370.313701,22:12:50,65.118
1720840380.405043,22:13:00,65.109
1720840390.472308,22:13:10,65.126
1720840400.541998,22:13:20,65.118
1720840410.608693,22:13:30,65.108
1720840420.675418,22:13:40,65.109
1720840430.748953,22:13:50,65.103
1720840440.815927,22:14:00,65.119
1720840450.883019,22:14:10,65.106
1720840460.955851,22:14:20,65.113
1720840471.02259,22:14:31,65.109
1720840481.089271,22:14:41,65.107
1720840491.160704,22:14:51,65.105
1720840501.227718,22:15:01,65.085
1720840511.294798,22:15:11,65.101
1720840521.383816,22:15:21,65.109
1720840531.450758,22:15:31,65.094
1720840541.517762,22:15:41,65.085
1720840551.594935,22:15:51,65.058
1720840561.660718,22:16:01,65.083
1720840571.727743,22:16:11,65.092
1720840581.797002,22:16:21,65.077
1720840591.863766,22:16:31,65.083
1720840601.930936,22:16:41,65.075
1720840611.999989,22:16:51,65.083
1720840622.065989,22:17:02,65.096
1720840632.132675,22:17:12,65.077
1720840642.205156,22:17:22,65.086
1720840652.271756,22:17:32,65.067
1720840662.338274,22:17:42,65.073
1720840672.428324,22:17:52,65.067
1720840682.495064,22:18:02,65.076
1720840692.562183,22:18:12,65.064
1720840702.648492,22:18:22,65.054
1720840712.7154,22:18:32,65.055
1720840722.782313,22:18:42,65.051
1720840732.857462,22:18:52,65.045
1720840742.924284,22:19:02,65.051
1720840752.991071,22:19:12,65.045
1720840763.063298,22:19:23,65.048
1720840773.13009,22:19:33,65.041
1720840783.196888,22:19:43,65.040
1720840793.271123,22:19:53,65.036
1720840803.337426,22:20:03,65.049
1720840813.438874,22:20:13,65.053
1720840823.507947,22:20:23,65.018
1720840833.57459,22:20:33,65.041
1720840843.641109,22:20:43,65.021
1720840853.713464,22:20:53,65.027
1720840863.780481,22:21:03,65.022
1720840873.847168,22:21:13,65.016
1720840883.917309,22:21:23,65.021
1720840893.984055,22:21:33,65.016
1720840904.050583,22:21:44,65.012
1720840914.123952,22:21:54,65.008
1720840924.190713,22:22:04,65.014
1720840934.257476,22:22:14,65.012
1720840944.330053,22:22:24,65.007
1720840954.412367,22:22:34,65.003
1720840964.484082,22:22:44,65.009
1720840974.553767,22:22:54,64.999
1720840984.620515,22:23:04,65.006
1720840994.686967,22:23:14,64.998
1720841004.76593,22:23:24,65.000
1720841014.832738,22:23:34,64.998
1720841024.899624,22:23:44,64.985
1720841034.970077,22:23:54,64.991
1720841045.03727,22:24:05,64.983
1720841055.104439,22:24:15,64.972
1720841065.181643,22:24:25,64.976
1720841075.248641,22:24:35,64.969
1720841085.315597,22:24:45,64.960
1720841095.387811,22:24:55,64.980
1720841105.471588,22:25:05,64.974
1720841115.53809,22:25:15,64.966
1720841125.607549,22:25:25,64.973
1720841135.674409,22:25:35,64.983
1720841145.741571,22:25:45,64.971
1720841155.822288,22:25:55,64.957
1720841165.889458,22:26:05,64.971
1720841175.956294,22:26:15,64.968
1720841186.027309,22:26:26,64.948
1720841196.094158,22:26:36,64.954
1720841206.161222,22:26:46,64.958
1720841216.23063,22:26:56,64.953
1720841226.297423,22:27:06,64.953
1720841236.364684,22:27:16,64.946
1720841246.456663,22:27:26,64.950
1720841256.523196,22:27:36,64.956
1720841266.58981,22:27:46,64.940
1720841276.659067,22:27:56,64.941
1720841286.725823,22:28:06,64.952
1720841296.79249,22:28:16,64.951
1720841306.878039,22:28:26,64.949
1720841316.944969,22:28:36,64.936
1720841327.011752,22:28:47,64.937
1720841337.08436,22:28:57,64.935
1720841347.15165,22:29:07,64.939
1720841357.218441,22:29:17,64.925
1720841367.290246,22:29:27,64.920
1720841377.356954,22:29:37,64.920
1720841387.43158,22:29:47,64.923
1720841397.521985,22:29:57,64.908
1720841407.589016,22:30:07,64.913
1720841417.656172,22:30:17,64.915
1720841427.725166,22:30:27,64.903
1720841437.79197,22:30:37,64.899
1720841447.858949,22:30:47,64.916
1720841457.938732,22:30:57,64.912
1720841468.005503,22:31:08,64.912
1720841478.072816,22:31:18,64.899
1720841488.146329,22:31:28,64.904
1720841498.213495,22:31:38,64.909
1720841508.280507,22:31:48,64.895
1720841518.352675,22:31:58,64.888
1720841528.419296,22:32:08,64.896
1720841538.504804,22:32:18,64.891
1720841548.579236,22:32:28,64.894
1720841558.645973,22:32:38,64.890
1720841568.712989,22:32:48,64.897
1720841578.788718,22:32:58,64.884
1720841588.855622,22:33:08,64.879
1720841598.921967,22:33:18,64.890
1720841608.994123,22:33:28,64.880
1720841619.061099,22:33:39,64.885
1720841629.127943,22:33:49,64.884
1720841639.202884,22:33:59,64.877
1720841649.269772,22:34:09,64.887
1720841659.336949,22:34:19,64.893
1720841669.406782,22:34:29,64.874
1720841679.498563,22:34:39,64.886
1720841689.565484,22:34:49,64.865
1720841699.636787,22:34:59,64.874
1720841709.703906,22:35:09,64.870
1720841719.770498,22:35:19,64.852
1720841729.843543,22:35:29,64.868
1720841739.910217,22:35:39,64.873
1720841749.976942,22:35:49,64.862
1720841760.050471,22:36:00,64.864
1720841770.117571,22:36:10,64.858
1720841780.184331,22:36:20,64.856
1720841790.257101,22:36:30,64.863
1720841800.323987,22:36:40,64.862
1720841810.390984,22:36:50,64.844
1720841820.484407,22:37:00,64.855
1720841830.551168,22:37:10,64.830
1720841840.617819,22:37:20,64.849
1720841850.690781,22:37:30,64.856
1720841860.75772,22:37:40,64.842
1720841870.824453,22:37:50,64.838
1720841880.894202,22:38:00,64.832
1720841890.960998,22:38:10,64.844
1720841901.027836,22:38:21,64.841
1720841911.102398,22:38:31,64.840
1720841921.169078,22:38:41,64.854
1720841931.236388,22:38:51,64.846
1720841941.310775,22:39:01,64.845
1720841951.377253,22:39:11,64.851
1720841961.443981,22:39:21,64.848
1720841971.548105,22:39:31,64.818
1720841981.61529,22:39:41,64.833
1720841991.68238,22:39:51,64.826
1720842001.754473,22:40:01,64.816
1720842011.821626,22:40:11,64.827
1720842021.88829,22:40:21,64.818
1720842031.95978,22:40:31,64.804
1720842042.02675,22:40:42,64.798
1720842052.093257,22:40:52,64.805
1720842062.163408,22:41:02,64.791
1720842072.230281,22:41:12,64.803
1720842082.297216,22:41:22,64.795
1720842092.367288,22:41:32,64.806
1720842102.434315,22:41:42,64.814
1720842112.529048,22:41:52,64.808
1720842122.600868,22:42:02,64.841
1720842132.667758,22:42:12,64.822
1720842142.734797,22:42:22,64.822
1720842152.809235,22:42:32,64.822
1720842162.876319,22:42:42,64.821
1720842172.943179,22:42:52,64.837
1720842183.015859,22:43:03,64.828
1720842193.082579,22:43:13,64.833
1720842203.14904,22:43:23,64.841
1720842213.222,22:43:33,64.836
1720842223.288694,22:43:43,64.840
1720842233.355601,22:43:53,64.846
1720842243.425037,22:44:03,64.837
1720842253.492164,22:44:13,64.823
1720842263.577751,22:44:23,64.836
1720842273.64658,22:44:33,64.845
1720842283.713284,22:44:43,64.833
1720842293.780093,22:44:53,64.835
1720842303.850706,22:45:03,64.818
1720842313.917671,22:45:13,64.822
1720842323.984808,22:45:23,64.817
1720842334.054491,22:45:34,64.812
1720842344.12158,22:45:44,64.816
1720842354.188933,22:45:54,64.833
1720842364.269888,22:46:04,64.827
1720842374.336884,22:46:14,64.826
1720842384.403681,22:46:24,64.836
1720842394.473846,22:46:34,64.819
1720842404.57343,22:46:44,64.814
1720842414.640114,22:46:54,64.812
1720842424.710819,22:47:04,64.801
1720842434.778186,22:47:14,64.808
1720842444.844995,22:47:24,64.800
1720842454.917726,22:47:34,64.802
1720842464.984741,22:47:44,64.808
1720842475.051402,22:47:55,64.804
1720842485.12476,22:48:05,64.796
1720842495.19148,22:48:15,64.784
1720842505.258122,22:48:25,64.797
1720842515.330088,22:48:35,64.805
1720842525.396652,22:48:45,64.790
1720842535.463716,22:48:55,64.778
1720842545.541224,22:49:05,64.769
1720842555.624772,22:49:15,64.771
1720842565.691435,22:49:25,64.778
1720842575.765202,22:49:35,64.790
1720842585.832003,22:49:45,64.775
1720842595.898901,22:49:55,64.778
1720842605.971715,22:50:05,64.763
1720842616.038678,22:50:16,64.775
1720842626.105313,22:50:26,64.745
1720842636.174953,22:50:36,64.759
1720842646.241795,22:50:46,64.754
1720842656.308834,22:50:56,64.745
1720842666.390058,22:51:06,64.757
1720842676.456977,22:51:16,64.746
1720842686.523966,22:51:26,64.755
1720842696.622394,22:51:36,64.745
1720842706.689192,22:51:46,64.742
1720842716.757616,22:51:56,64.746
1720842726.829345,22:52:06,64.743
1720842736.896057,22:52:16,64.741
1720842746.963154,22:52:26,64.742
1720842757.036076,22:52:37,64.744
1720842767.102794,22:52:47,64.741
1720842777.1694,22:52:57,64.756
1720842787.242582,22:53:07,64.747
1720842797.309111,22:53:17,64.741
1720842807.375791,22:53:27,64.754
1720842817.455037,22:53:37,64.752
1720842827.521886,22:53:47,64.748
1720842837.615638,22:53:57,64.758
1720842847.68675,22:54:07,64.738
1720842857.753949,22:54:17,64.747
1720842867.820799,22:54:27,64.731
1720842877.891241,22:54:37,64.723
1720842887.958134,22:54:47,64.723
1720842898.025676,22:54:58,64.721
1720842908.09765,22:55:08,64.729
1720842918.164605,22:55:18,64.739
1720842928.231147,22:55:28,64.733
1720842938.30196,22:55:38,64.725
1720842948.368923,22:55:48,64.725
1720842958.435939,22:55:58,64.710
1720842968.513969,22:56:08,64.708
1720842978.58402,22:56:18,64.706
1720842988.675953,22:56:28,64.707
1720842998.750957,22:56:38,64.705
1720843008.818081,22:56:48,64.695
1720843018.884859,22:56:58,64.697
1720843028.957193,22:57:08,64.702
1720843039.023825,22:57:19,64.696
1720843049.090762,22:57:29,64.682
1720843059.162793,22:57:39,64.698
1720843069.229425,22:57:49,64.682
1720843079.296198,22:57:59,64.694
1720843089.370894,22:58:09,64.696
1720843099.437998,22:58:19,64.670
1720843109.504709,22:58:29,64.675
1720843119.578298,22:58:39,64.679
1720843129.66138,22:58:49,64.695
1720843139.728547,22:58:59,64.675
1720843149.800121,22:59:09,64.668
1720843159.867294,22:59:19,64.682
1720843169.934063,22:59:29,64.667
1720843180.004453,22:59:40,64.663
1720843190.071587,22:59:50,64.670
1720843200.1385,23:00:00,64.655
1720843210.208896,23:00:10,64.651
1720843220.275875,23:00:20,64.651
1720843230.342677,23:00:30,64.656
1720843240.415577,23:00:40,64.658
1720843250.48231,23:00:50,64.649
1720843260.549329,23:01:00,64.634
1720843270.659519,23:01:10,64.642
1720843280.726098,23:01:20,64.652
1720843290.793384,23:01:30,64.644
1720843300.866075,23:01:40,64.647
1720843310.932499,23:01:50,64.640
1720843320.999385,23:02:00,64.635
1720843331.076335,23:02:11,64.638
1720843341.143546,23:02:21,64.643
1720843351.210725,23:02:31,64.642
1720843361.282744,23:02:41,64.633
1720843371.349786,23:02:51,64.643
1720843381.416912,23:03:01,64.636
1720843391.487928,23:03:11,64.629
1720843401.554892,23:03:21,64.631
1720843411.622035,23:03:31,64.635
1720843421.729231,23:03:41,64.624
1720843431.795824,23:03:51,64.613
1720843441.862074,23:04:01,64.611
1720843451.933616,23:04:11,64.611
1720843462.000389,23:04:22,64.622
1720843472.06737,23:04:32,64.628
1720843482.140749,23:04:42,64.618
1720843492.207546,23:04:52,64.620
1720843502.27378,23:05:02,64.601
1720843512.34732,23:05:12,64.608
1720843522.414391,23:05:22,64.600
1720843532.481223,23:05:32,64.593
1720843542.551907,23:05:42,64.598
1720843552.618599,23:05:52,64.597
1720843562.685013,23:06:02,64.598
1720843572.790363,23:06:12,64.599
1720843582.857229,23:06:22,64.594
1720843592.9243,23:06:32,64.593
1720843602.997901,23:06:42,64.589
1720843613.064985,23:06:53,64.597
1720843623.131757,23:07:03,64.592
1720843633.204724,23:07:13,64.576
1720843643.271795,23:07:23,64.579
1720843653.338399,23:07:33,64.569
1720843663.411628,23:07:43,64.581
1720843673.478798,23:07:53,64.569
1720843683.54573,23:08:03,64.578
1720843693.61834,23:08:13,64.568
1720843703.685122,23:08:23,64.562
1720843713.796121,23:08:33,64.558
1720843723.865229,23:08:43,64.546
1720843733.932462,23:08:53,64.550
1720843743.999188,23:09:03,64.555
1720843754.070325,23:09:14,64.551
1720843764.137392,23:09:24,64.537
1720843774.204594,23:09:34,64.537
1720843784.274582,23:09:44,64.534
1720843794.341619,23:09:54,64.521
1720843804.408462,23:10:04,64.518
1720843814.480019,23:10:14,64.496
1720843824.54672,23:10:24,64.482
1720843834.613828,23:10:34,64.494
1720843844.690997,23:10:44,64.471
1720843854.786782,23:10:54,64.461
1720843864.858479,23:11:04,64.467
1720843874.92946,23:11:14,64.438
1720843884.996479,23:11:24,64.436
1720843895.063264,23:11:35,64.441
1720843905.133291,23:11:45,64.424
1720843915.20012,23:11:55,64.402
1720843925.267315,23:12:05,64.406
1720843935.343166,23:12:15,64.381
1720843945.410018,23:12:25,64.378
1720843955.476947,23:12:35,64.368
1720843965.550086,23:12:45,64.352
1720843975.616936,23:12:55,64.353
1720843985.683891,23:13:05,64.341
1720843995.777468,23:13:15,64.338
1720844005.844059,23:13:25,64.324
1720844015.916634,23:13:35,64.325
1720844025.989319,23:13:45,64.322
1720844036.056153,23:13:56,64.304
1720844046.123217,23:14:06,64.290
1720844056.195515,23:14:16,64.282
1720844066.262377,23:14:26,64.281
1720844076.329207,23:14:36,64.265
1720844086.399798,23:14:46,64.270
1720844096.467024,23:14:56,64.257
1720844106.53432,23:15:06,64.247
1720844116.608506,23:15:16,64.241
1720844126.675626,23:15:26,64.219
1720844136.742454,23:15:36,64.219
1720844146.832196,23:15:46,64.214
1720844156.898586,23:15:56,64.218
1720844166.972672,23:16:06,64.200
1720844177.043261,23:16:17,64.193
1720844187.110561,23:16:27,64.190
1720844197.177079,23:16:37,64.175
1720844207.24959,23:16:47,64.183
1720844217.316409,23:16:57,64.188
1720844227.383386,23:17:07,64.154
1720844237.454061,23:17:17,64.146
1720844247.521011,23:17:27,64.149
1720844257.588176,23:17:37,64.135
1720844267.658639,23:17:47,64.136
1720844277.725468,23:17:57,64.136
1720844287.822075,23:18:07,64.123
1720844297.893915,23:18:17,64.118
1720844307.96051,23:18:27,64.113
1720844318.028318,23:18:38,64.110
1720844328.10218,23:18:48,64.110
1720844338.169296,23:18:58,64.100
1720844348.236217,23:19:08,64.101
1720844358.308808,23:19:18,64.090
1720844368.375697,23:19:28,64.078
1720844378.442563,23:19:38,64.083
1720844388.512472,23:19:48,64.064
1720844398.579729,23:19:58,64.071
1720844408.647041,23:20:08,64.055
1720844418.718249,23:20:18,64.054
1720844428.804634,23:20:28,64.036
1720844438.875981,23:20:38,64.037
1720844448.949594,23:20:48,64.025
1720844459.01647,23:20:59,64.024
1720844469.082855,23:21:09,64.014
1720844479.152833,23:21:19,64.020
1720844489.219626,23:21:29,64.025
1720844499.286753,23:21:39,64.003
1720844509.356593,23:21:49,64.009
1720844519.423334,23:21:59,63.994
1720844529.490228,23:22:09,63.989
1720844539.560398,23:22:19,63.986
1720844549.627352,23:22:29,63.984
1720844559.694062,23:22:39,63.960
1720844569.766982,23:22:49,63.968
1720844579.84943,23:22:59,63.966
1720844589.916807,23:23:09,63.962
1720844599.991082,23:23:19,63.958
1720844610.057878,23:23:30,63.974
1720844620.13675,23:23:40,63.960
1720844630.208015,23:23:50,63.958
1720844640.274805,23:24:00,63.955
1720844650.341979,23:24:10,63.935
1720844660.417721,23:24:20,63.950
1720844670.484431,23:24:30,63.936
1720844680.551779,23:24:40,63.926
1720844690.624367,23:24:50,63.924
1720844700.691292,23:25:00,63.936
1720844710.758339,23:25:10,63.920
1720844720.860105,23:25:20,63.893
1720844730.927184,23:25:30,63.908
1720844740.995579,23:25:40,63.918
1720844751.067039,23:25:51,63.898
1720844761.134082,23:26:01,63.898
1720844771.200536,23:26:11,63.890
1720844781.271627,23:26:21,63.893
1720844791.338675,23:26:31,63.877
1720844801.405661,23:26:41,63.891
1720844811.474709,23:26:51,63.890
1720844821.542199,23:27:01,63.878
1720844831.608761,23:27:11,63.869
1720844841.678574,23:27:21,63.870
1720844851.745353,23:27:31,63.864
1720844861.811901,23:27:41,63.860
1720844871.905374,23:27:51,63.841
1720844881.971402,23:28:01,63.846
1720844892.038138,23:28:12,63.844
1720844902.112485,23:28:22,63.850
1720844912.17915,23:28:32,63.844
1720844922.251931,23:28:42,63.838
1720844932.325912,23:28:52,63.831
1720844942.393055,23:29:02,63.834
1720844952.459823,23:29:12,63.820
1720844962.529315,23:29:22,63.832
1720844972.596483,23:29:32,63.825
1720844982.663382,23:29:42,63.819
1720844992.732816,23:29:52,63.808
1720845002.800492,23:30:02,63.796
1720845012.895665,23:30:12,63.793
1720845022.969661,23:30:22,63.793
1720845033.036435,23:30:33,63.784
1720845043.103166,23:30:43,63.775
1720845053.172602,23:30:53,63.774
1720845063.239185,23:31:03,63.782
1720845073.3082,23:31:13,63.765
1720845083.379723,23:31:23,63.764
1720845093.446564,23:31:33,63.765
1720845103.513253,23:31:43,63.762
1720845113.583406,23:31:53,63.747
1720845123.650656,23:32:03,63.746
1720845133.717692,23:32:13,63.731
1720845143.787985,23:32:23,63.736
1720845153.854755,23:32:33,63.726
1720845163.936978,23:32:43,63.730
1720845174.009322,23:32:54,63.728
1720845184.076001,23:33:04,63.723
1720845194.143163,23:33:14,63.705
1720845204.220691,23:33:24,63.705
1720845214.287858,23:33:34,63.707
1720845224.368354,23:33:44,63.691
1720845234.437708,23:33:54,63.703
1720845244.504587,23:34:04,63.699
1720845254.571429,23:34:14,63.708
1720845264.644328,23:34:24,63.712
1720845274.71106,23:34:34,63.697
1720845284.778449,23:34:44,63.692
1720845294.851213,23:34:54,63.686
1720845304.94004,23:35:04,63.681
1720845315.006705,23:35:15,63.678
1720845325.07819,23:35:25,63.678
1720845335.145171,23:35:35,63.650
1720845345.212269,23:35:45,63.660
1720845355.284921,23:35:55,63.653
1720845365.351987,23:36:05,63.661
1720845375.428154,23:36:15,63.652
1720845385.499763,23:36:25,63.656
1720845395.566597,23:36:35,63.651
1720845405.633876,23:36:45,63.638
1720845415.705234,23:36:55,63.646
1720845425.77165,23:37:05,63.646
1720845435.838577,23:37:15,63.633
1720845445.936013,23:37:25,63.629
1720845456.002586,23:37:36,63.622
1720845466.069386,23:37:46,63.628
1720845476.139492,23:37:56,63.618
1720845486.206148,23:38:06,63.617
1720845496.272878,23:38:16,63.615
1720845506.346449,23:38:26,63.622
1720845516.413158,23:38:36,63.614
1720845526.486988,23:38:46,63.622
1720845536.555969,23:38:56,63.615
1720845546.623072,23:39:06,63.598
1720845556.689963,23:39:16,63.598
1720845566.761597,23:39:26,63.596
1720845576.828252,23:39:36,63.602
1720845586.901459,23:39:46,63.597
1720845596.989747,23:39:56,63.591
1720845607.057149,23:40:07,63.587
1720845617.123893,23:40:17,63.593
1720845627.194581,23:40:27,63.588
1720845637.261573,23:40:37,63.580
1720845647.328682,23:40:47,63.565
1720845657.403604,23:40:57,63.591
1720845667.470594,23:41:07,63.592
1720845677.544628,23:41:17,63.582
1720845687.61395,23:41:27,63.569
1720845697.680763,23:41:37,63.576
1720845707.747785,23:41:47,63.568
1720845717.817182,23:41:57,63.548
1720845727.884299,23:42:07,63.558
1720845737.968987,23:42:17,63.557
1720845748.04441,23:42:28,63.554
1720845758.111283,23:42:38,63.534
1720845768.178123,23:42:48,63.554
1720845778.248878,23:42:58,63.530
1720845788.315833,23:43:08,63.524
1720845798.382737,23:43:18,63.530
1720845808.452575,23:43:28,63.541
1720845818.518752,23:43:38,63.529
1720845828.601414,23:43:48,63.519
1720845838.673287,23:43:58,63.529
1720845848.740421,23:44:08,63.533
1720845858.807175,23:44:18,63.528
1720845868.878402,23:44:28,63.510
1720845878.970378,23:44:38,63.518
1720845889.037268,23:44:49,63.514
1720845899.106558,23:44:59,63.520
1720845909.173656,23:45:09,63.483
1720845919.240557,23:45:19,63.496
1720845929.31004,23:45:29,63.500
1720845939.376969,23:45:39,63.496
1720845949.444182,23:45:49,63.479
1720845959.516336,23:45:59,63.479
1720845969.583473,23:46:09,63.499
1720845979.662094,23:46:19,63.479
1720845989.735148,23:46:29,63.485
1720845999.802389,23:46:39,63.486
1720846009.869204,23:46:49,63.477
1720846019.97103,23:46:59,63.474
1720846030.03813,23:47:10,63.459
1720846040.104957,23:47:20,63.469
1720846050.175588,23:47:30,63.457
1720846060.242471,23:47:40,63.446
1720846070.309763,23:47:50,63.457
1720846080.379342,23:48:00,63.461
1720846090.446085,23:48:10,63.444
1720846100.512946,23:48:20,63.439
1720846110.585078,23:48:30,63.435
1720846120.65174,23:48:40,63.438
1720846130.719534,23:48:50,63.416
1720846140.790759,23:49:00,63.420
1720846150.858032,23:49:10,63.400
1720846160.92486,23:49:20,63.424
1720846171.019934,23:49:31,63.418
1720846181.087161,23:49:41,63.417
1720846191.154035,23:49:51,63.407
1720846201.225758,23:50:01,63.399
1720846211.292549,23:50:11,63.403
1720846221.359593,23:50:21,63.404
1720846231.429747,23:50:31,63.378
1720846241.496653,23:50:41,63.386
1720846251.563791,23:50:51,63.377
1720846261.633622,23:51:01,63.384
1720846271.700361,23:51:11,63.375
1720846281.777766,23:51:21,63.396
1720846291.847227,23:51:31,63.370
1720846301.913956,23:51:41,63.357
1720846312.006955,23:51:52,63.371
1720846322.082108,23:52:02,63.350
1720846332.148552,23:52:12,63.363
1720846342.215339,23:52:22,63.368
1720846352.285253,23:52:32,63.357
1720846362.352306,23:52:42,63.357
1720846372.419271,23:52:52,63.350
1720846382.493722,23:53:02,63.347
1720846392.56089,23:53:12,63.334
1720846402.627795,23:53:22,63.338
1720846412.698985,23:53:32,63.343
1720846422.76586,23:53:42,63.340
1720846432.835681,23:53:52,63.325
1720846442.90641,23:54:02,63.338
1720846453.000613,23:54:13,63.322
1720846463.067597,23:54:23,63.317
1720846473.138337,23:54:33,63.309
1720846483.205161,23:54:43,63.318
1720846493.272089,23:54:53,63.295
1720846503.341764,23:55:03,63.305
1720846513.408701,23:55:13,63.318
1720846523.475577,23:55:23,63.296
1720846533.546459,23:55:33,63.314
1720846543.613283,23:55:43,63.285
1720846553.680167,23:55:53,63.288
1720846563.751161,23:56:03,63.291
1720846573.818029,23:56:13,63.288
1720846583.891229,23:56:23,63.285
1720846593.975556,23:56:33,63.283
1720846604.057727,23:56:44,63.290
1720846614.124499,23:56:54,63.288
1720846624.202596,23:57:04,63.296
1720846634.269362,23:57:14,63.274
1720846644.336499,23:57:24,63.285
1720846654.405739,23:57:34,63.282
1720846664.472802,23:57:44,63.285
1720846674.539984,23:57:54,63.278
1720846684.610494,23:58:04,63.264
1720846694.677139,23:58:14,63.262
1720846704.744227,23:58:24,63.257
1720846714.818311,23:58:34,63.261
1720846724.884929,23:58:44,63.260
1720846734.951422,23:58:54,63.248
1720846745.034348,23:59:05,63.247
1720846755.101325,23:59:15,63.240
1720846765.167941,23:59:25,63.251
1720846775.243127,23:59:35,63.247
1720846785.309863,23:59:45,63.253
1720846795.376739,23:59:55,63.235
1720846805.449387,00:00:05,63.242
